{"cameraMode":{"drawMode":0,"name":"Shaded","section":"Shading Mode"},"sceneLighting":true,"audioPlay":false,"sceneViewState":{"showFog":true,"showMaterialUpdate":false,"showSkybox":true,"showFlares":true,"showImageEffects":true,"showParticleSystems":true},"in2DMode":false,"pivot":{"x":-37.834556579589847,"y":-11.399528503417969,"z":6.415942668914795},"rotation":{"x":0.12259893119335175,"y":-0.6490326523780823,"z":0.107072614133358,"w":0.7431482076644898},"size":31.376415252685548,"orthographic":false}