{"cameraMode":{"drawMode":0,"name":"Shaded","section":"Shading Mode"},"sceneLighting":false,"audioPlay":false,"sceneViewState":{"showFog":true,"showMaterialUpdate":false,"showSkybox":false,"showFlares":true,"showImageEffects":true,"showParticleSystems":true},"in2DMode":false,"pivot":{"x":-0.2529621124267578,"y":4.1886115074157719,"z":7.177591323852539},"rotation":{"x":0.03989803045988083,"y":-0.6724929213523865,"z":0.03635004535317421,"w":0.7381354570388794},"size":7.512424468994141,"orthographic":false}